users_id,city,phone_number,profile_image,superviseur_id
1,East Theresafurt,+1-297-898-4420x2758,profile1.jpg,2
2,Ashleyhaven,001-418-894-7639x411,profile2.jpg,4
3,North Toni,(706)640-5720,profile3.jpg,4
4,North Andreaville,+1-437-345-3848,profile4.jpg,2
5,East Jessicafort,684.544.8432x4391,profile5.jpg,2
6,Jonesside,001-316-048-2526x27261,profile6.jpg,5
7,Loriberg,(189)017-1975x4189,profile7.jpg,3
8,North Matthewside,001-504-689-8712x6913,profile8.jpg,2
9,Sandraborough,188-851-5398x596,profile9.jpg,3
10,Jonesside,+1-335-906-9618x85123,profile10.jpg,4
11,Debbieport,(987)710-5229x0156,profile11.jpg,1
12,Thomasside,(887)006-5674x422,profile12.jpg,4
13,East Samuel,001-787-741-6974x888,profile13.jpg,5
14,Dianeshire,578-147-7140,profile14.jpg,3
15,Patelborough,001-675-669-9349x1367,profile15.jpg,3
16,East Nataliestad,(669)176-0747,profile16.jpg,2
17,Leeshire,943.395.9126x076,profile17.jpg,2
18,South Wendy,730-143-9891x863,profile18.jpg,2
19,New Jacob,2899854690,profile19.jpg,5
20,Port Julie,+1-704-078-7434x4481,profile20.jpg,3
